,Title,Publication Title,Conference Name,Author,Item Type,Publication Year,Sector,AppTagGeneral,TechniqueTagGen,TechniqueTagSpec,AppTagSpecific,title,ID
0,A Data Mining Framework for Electricity Consumption Analysis From Meter Data,IEEE Transactions on Industrial Informatics,,"De Silva, Daswin; Yu, Xinghuo; Alahakoon, Damminda; Holmes, Grahame",journalArticle,2011,Electrical Engineering,SmartMeter,Motif Detection,Incremental Summarization and Pattern Char. (ISPC),Load Profiling,A Data Mining Framework for Electricity Consumption Analysis From Meter Data,de_silva_data_2011
1,A Learning Approach for Energy Efficiency Optimization by Occupancy Detection,Internet of Things. User-Centric IoT,,"Mansur, Vitor; Carreira, Paulo; Arsenio, Artur",bookSection,2015,Computer Science,Operations,Clustering,K-Means,Occupancy Detection,A Learning Approach for Energy Efficiency Optimization by Occupancy Detection,mansur_learning_2015
2,A Temporal Motif Mining Approach to Unsupervised Energy Disaggregation: Applications to Residential and Commercial Buildings,Proceedings of the Twenty-Seventh AAAI Conference on Artificial Intelligence (AAAI 2013),Conference on Artificial Intelligence (AAAI),"Shao, Huijuan; Marwah, Manish; Ramakrishnan, Naren",conferencePaper,2013,Computer Science,SmartMeter,Motif Detection,Dirichlet Process Gaussian Mixture Models (DPGMM),Disaggregation,A Temporal Motif Mining Approach to Unsupervised Energy Disaggregation: Applications to Residential and Commercial Buildings,shao_temporal_2013
3,A context-aware method for building occupancy prediction,Energy and Buildings,,"Adamopoulou, Anna A.; Tryferidis, Athanasios M.; Tzovaras, Dimitrios K.",journalArticle,2015,Building Energy Analysis,Operations,Rule Extraction,Markov Models,Occupancy Detection,A context-aware method for building occupancy prediction,adamopoulou_context-aware_2015
4,A framework for knowledge discovery in massive building automation data and its application in building diagnostics,Automation in Construction,,"Fan, Cheng; Xiao, Fu; Yan, Chengchu",journalArticle,2015,Building Energy Analysis,AnomalyDetection,Novelty Detection,Data Assocation Rules (DAR),Whole Building,A framework for knowledge discovery in massive building automation data and its application in building diagnostics,fan_framework_2015
5,A method for detecting abnormal electricity energy consumption in buildings,Journal Of Computational Information Systems,,"Liu, Dandan; Chen, Qijun; Mori, Kazuyuki; Kida, Yukio",journalArticle,2010,Computer Science,AnomalyDetection,Novelty Detection,Classification and Regression Tree(CART),Whole Building,A method for detecting abnormal electricity energy consumption in buildings,liu_method_2010
6,A method for detecting abnormal electricity energy consumption in buildings,Journal Of Computational Information Systems,,"Liu, Dandan; Chen, Qijun; Mori, Kazuyuki; Kida, Yukio",journalArticle,2010,Computer Science,AnomalyDetection,Novelty Detection,Classification and Regression Tree(CART),Classification,A method for detecting abnormal electricity energy consumption in buildings,liu_method_2010
7,A model-based fault detection and diagnostic methodology based on PCA method and wavelet transform,Energy and Buildings,,"Li, Shun; Wen, Jin",journalArticle,2014,Building Energy Analysis,AnomalyDetection,Novelty Detection,Principal Component Analysis (PCA),Subsystem,A model-based fault detection and diagnostic methodology based on PCA method and wavelet transform,li_model-based_2014
8,A new framework for the analysis of large scale multi-rate power data,,,"Çakmak, Hüseyin Kemâl; Maa\s s, Heiko; Bach, Felix; Kühnapfel, Uwe G.",book,2014,Electrical Engineering,SmartMeter,Visual Analytics,Multiple Techniques,Classification,A new framework for the analysis of large scale multi-rate power data,cakmak_new_2014
9,A new framework for the analysis of large scale multi-rate power data,,,"Çakmak, Hüseyin Kemâl; Maa\s s, Heiko; Bach, Felix; Kühnapfel, Uwe G.",book,2014,Electrical Engineering,SmartMeter,Visual Analytics,Multiple Techniques,Customer Class.,A new framework for the analysis of large scale multi-rate power data,cakmak_new_2014
10,A novel methodology for knowledge discovery through mining associations between building operational data,Energy and Buildings,,"Yu, Zhun Jerry; Haghighat, Fariborz; Fung, Benjamin C M; Zhou, Liang",journalArticle,2012,Building Energy Analysis,AnomalyDetection,Rule Extraction,Data Assocation Rules (DAR),Component,A novel methodology for knowledge discovery through mining associations between building operational data,yu_novel_2012
11,A novelty detection approach to identify the occurrence of leakage in smart gas and water grids,Proceedings of the 2015 International Joint Conference on Neural Networks (IJCNN),International Joint Conference on Neural Networks (IJCNN),"Fagiani, Marco; Squartini, Stefano; Severini, Marco; Piazza, Francesco",conferencePaper,2015,Computer Science,SmartMeter,Novelty Detection,Markov Models,Classification,A novelty detection approach to identify the occurrence of leakage in smart gas and water grids,fagiani_novelty_2015
12,A novelty detection approach to identify the occurrence of leakage in smart gas and water grids,Proceedings of the 2015 International Joint Conference on Neural Networks (IJCNN),International Joint Conference on Neural Networks (IJCNN),"Fagiani, Marco; Squartini, Stefano; Severini, Marco; Piazza, Francesco",conferencePaper,2015,Computer Science,SmartMeter,Novelty Detection,Markov Models,Customer Class.,A novelty detection approach to identify the occurrence of leakage in smart gas and water grids,fagiani_novelty_2015
13,A system-level fault detection and diagnosis strategy for HVAC systems involving sensor faults,Energy and Buildings,,"Wang, Shengwei; Zhou, Qiang; Xiao, Fu",journalArticle,2010,Building Energy Analysis,AnomalyDetection,Novelty Detection,Principal Component Analysis (PCA),Subsystem,A system-level fault detection and diagnosis strategy for HVAC systems involving sensor faults,wang_system-level_2010
14,An Electric Energy Consumer Characterization Framework Based on Data Mining Techniques,IEEE Transactions on Power Systems,,"Figueiredo, V; Rodrigues, F; Vale, Z; Gouveia, J B",journalArticle,2005,Electrical Engineering,SmartMeter,Clustering,K-Means,Customer Class.,An Electric Energy Consumer Characterization Framework Based on Data Mining Techniques,figueiredo_electric_2005
15,An Electric Energy Consumer Characterization Framework Based on Data Mining Techniques,IEEE Transactions on Power Systems,,"Figueiredo, V; Rodrigues, F; Vale, Z; Gouveia, J B",journalArticle,2005,Electrical Engineering,SmartMeter,Clustering,K-Means,Classification,An Electric Energy Consumer Characterization Framework Based on Data Mining Techniques,figueiredo_electric_2005
16,Analysis of Georeferenced Building Data for the Identification and Evaluation of Thermal Microgrids,Proceedings of the IEEE,,"Schlueter, A.; Geyer, P.; Cisar, S.",journalArticle,2016,Building Energy Analysis,PortfolioAnalysis,Clustering,Fuzzy Clustering,Targeting,Analysis of Georeferenced Building Data for the Identification and Evaluation of Thermal Microgrids,schlueter_analysis_2016
17,Analysis of Similarity Measures in Times Series Clustering for the Discovery of Building Energy Patterns,Energies,,"Iglesias, Félix; Kastner, Wolfgang",journalArticle,2013,Electrical Engineering,SmartMeter,Clustering,Multiple Techniques,Load Profiling,Analysis of Similarity Measures in Times Series Clustering for the Discovery of Building Energy Patterns,iglesias_analysis_2013
18,Analysis of electricity bills using visual continuous maps,Neural Computing and Applications,,"Morán, A; Fuertes, J J; Domínguez, M; Prada, M A; Alonso, S; Barrientos, P",journalArticle,2013,Computer Science,PortfolioAnalysis,Visual Analytics,Pattern Analysis,Characterization,Analysis of electricity bills using visual continuous maps,moran_analysis_2013
19,Anomaly detection for visual analytics of power consumption data,Computers & Graphics,,"Janetzko, Halldór; Stoffel, Florian; Mittelstädt, Sebastian; Keim, Daniel A",journalArticle,2013,Computer Science,AnomalyDetection,Visual Analytics,Pattern Analysis,Whole Building,Anomaly detection for visual analytics of power consumption data,janetzko_anomaly_2013
20,Anomaly detection of building systems using energy demand frequency domain analysis,"Power and Energy Society General Meeting, 2012 IEEE",IEEE Power and Energy Society General Meeting,"Wrinch, Michael; El-Fouly, Tarek HM; Wong, Steven",conferencePaper,2012,Electrical Engineering,AnomalyDetection,Novelty Detection,Fourier Transform,Whole Building,Anomaly detection of building systems using energy demand frequency domain analysis,wrinch_anomaly_2012
21,Application of Data Mining techniques for energy modeling of HVAC sub-systems,Proceedings of eSim 2014 - IBPSA-Canada Conference,IBPSA-Canada Conference (eSim),"Le Cam, M; Zmeureanu, R; Daoud, A",conferencePaper,2014,Building Simulation,AnomalyDetection,Novelty Detection,Principal Component Analysis (PCA),Subsystem,Application of Data Mining techniques for energy modeling of HVAC sub-systems,le_cam_application_2014
22,Application of clustering for the development of retrofit strategies for large building stocks,Advanced Engineering Informatics,,"Geyer, Philipp; Schlüter, Arno; Cisar, Sasha",journalArticle,2016,Building Energy Analysis,PortfolioAnalysis,Clustering,Multiple Techniques,Targeting,Application of clustering for the development of retrofit strategies for large building stocks,geyer_application_2016
23,Assessment of potential energy saving using cluster analysis: A case study of lighting systems in buildings,Energy and Buildings,,"Petcharat, Siriwarin; Chungpaibulpatana, Supachart; Rakkwamsuk, Pattana",journalArticle,2012,Building Energy Analysis,PortfolioAnalysis,Clustering,Maximum Likelihood (ML),Targeting,Assessment of potential energy saving using cluster analysis: A case study of lighting systems in buildings,petcharat_assessment_2012
24,Automated daily pattern filtering of measured building performance data,Automation in Construction,,"Miller, Clayton; Nagy, Zoltán; Schlueter, Arno",journalArticle,2015,Building Energy Analysis,PortfolioAnalysis,Motif Detection,Symbolic Aggregate Approximation (SAX),Characterization,Automated daily pattern filtering of measured building performance data,miller_automated_2015
25,Black-box models for fault detection and performance monitoring of buildings,Journal of Building Performance Simulation,,"Jacob, Dirk; Dietz, Sebastian; Komhard, Susanne; Neumann, Christian; Herkel, Sebastian",journalArticle,2010,Building Simulation,AnomalyDetection,Clustering,Hierarchical Clustering,Whole Building,Black-box models for fault detection and performance monitoring of buildings,jacob_black-box_2010
26,Building energy and comfort management through occupant behaviour pattern detection based on a large-scale environmental sensor network,Journal of Building Performance Simulation,,"Dong, Bing; Lam, Khee Poh",journalArticle,2011,Building Simulation,Operations,Motif Detection,Markov Models,Occupancy Detection,Building energy and comfort management through occupant behaviour pattern detection based on a large-scale environmental sensor network,dong_building_2011
27,Building energy information systems: user case studies,Energy Efficiency,,"Granderson, Jessica; Piette, Mary Ann; Ghatikar, Girish",journalArticle,2010,Building Energy Analysis,PortfolioAnalysis,Visual Analytics,Energy Information Systems (EIS),Characterization,Building energy information systems: user case studies,granderson_building_2010
28,Classification of Commerical Building Electrical Demand Profiles for Energy Storage Applications,"Proceedings of ASME 2012 6th International Conference on Energy Sustainability & 10th Fuel Cell Science, Engineering and Technology Conference (ESFuelCell2012)",ASME International Conference on Energy Sustainability,"Florita, Anthony R; Brackney, Larry J; Otanicar, Todd P; Robertson, Jeffrey",conferencePaper,2012,Building Simulation,SmartMeter,Clustering,Bayesian,Customer Class.,Classification of Commerical Building Electrical Demand Profiles for Energy Storage Applications,florita_classification_2012
29,Classification of Commerical Building Electrical Demand Profiles for Energy Storage Applications,"Proceedings of ASME 2012 6th International Conference on Energy Sustainability & 10th Fuel Cell Science, Engineering and Technology Conference (ESFuelCell2012)",ASME International Conference on Energy Sustainability,"Florita, Anthony R; Brackney, Larry J; Otanicar, Todd P; Robertson, Jeffrey",conferencePaper,2012,Building Simulation,SmartMeter,Clustering,Bayesian,Classification,Classification of Commerical Building Electrical Demand Profiles for Energy Storage Applications,florita_classification_2012
30,"Classification, Filtering, and Identification of Electrical Customer Load Patterns Through the Use of Self-Organizing Maps",IEEE Transactions on Power Systems,,"Verdu, S V; Garcia, M O; Senabre, C; Marin, A G; Franco, F J G",journalArticle,2006,Electrical Engineering,SmartMeter,Clustering,Self-Organizing Maps (SOM),Classification,"Classification, Filtering, and Identification of Electrical Customer Load Patterns Through the Use of Self-Organizing Maps",verdu_classification_2006
31,"Classification, Filtering, and Identification of Electrical Customer Load Patterns Through the Use of Self-Organizing Maps",IEEE Transactions on Power Systems,,"Verdu, S V; Garcia, M O; Senabre, C; Marin, A G; Franco, F J G",journalArticle,2006,Electrical Engineering,SmartMeter,Clustering,Self-Organizing Maps (SOM),Customer Class.,"Classification, Filtering, and Identification of Electrical Customer Load Patterns Through the Use of Self-Organizing Maps",verdu_classification_2006
32,Cluster analysis of simulated energy use for LEED certified U.S. office buildings,Energy and Buildings,,"Heidarinejad, Mohammad; Dahlhausen, Matthew; McMahon, Sean; Pyke, Chris; Srebric, Jelena",journalArticle,2014,Building Energy Analysis,PortfolioAnalysis,Clustering,K-Means,,Cluster analysis of simulated energy use for LEED certified U.S. office buildings,heidarinejad_cluster_2014
33,Clustering time-series energy data from smart meters,Energy Efficiency,,"Lavin, Alexander; Klabjan, Diego",journalArticle,2014,Building Energy Analysis,SmartMeter,Clustering,K-Means,Load Profiling,Clustering time-series energy data from smart meters,lavin_clustering_2014
34,Clustering-Based Performance Optimization of the Boiler Turbine System,IEEE Transactions on Energy Conversion,,"Kusiak, Andrew; Song, Zhe",journalArticle,2008,Electrical Engineering,Operations,Clustering,Multiple Techniques,Controls,Clustering-Based Performance Optimization of the Boiler Turbine System,kusiak_clustering-based_2008
35,Computational intelligence based anomaly detection for Building Energy Management Systems,Proceedings of the 5th International Symposium on Resilient Control Systems (ISRCS 2012),International Symposium on Resilient Control Systems (ISRCS),"Linda, O; Wijayasekara, D; Manic, M; Rieger, C",conferencePaper,2012,Electrical Engineering,AnomalyDetection,Novelty Detection,Nearest Neighbor,Subsystem,Computational intelligence based anomaly detection for Building Energy Management Systems,linda_computational_2012
36,Correlation between occupants and energy consumption,Energy and Buildings,,"Ahn, Ki-Uhn; Park, Cheol-Soo",journalArticle,2016,Building Energy Analysis,Operations,Rule Extraction,Wavelets,Occupancy Detection,Correlation between occupants and energy consumption,ahn_correlation_2016
37,Data Mining for Modeling Chiller Systems in Data Centers,Advances in Intelligent Data Analysis IX,,"Patnaik, Debprakash; Marwah, Manish; Sharma, Ratnesh K; Ramakrishnan, Naren",bookSection,2010,Computer Science,Operations,Motif Detection,Symbolic Aggregate Approximation (SAX),Controls,Data Mining for Modeling Chiller Systems in Data Centers,patnaik_data_2010
38,Data and Interfaces for Advanced Building Operations and Maintenance - RP 1633 Final Report,,,"Gayeski, Nicholas; Kleindienst, Sian; Gagne, Jaime; Werntz, Bradley; Cruz, Ryan; Samouhos, Stephen",report,2015,Building Energy Analysis,Operations,Visual Analytics,Energy Information Systems (EIS),Energy Management,Data and Interfaces for Advanced Building Operations and Maintenance - RP 1633 Final Report,gayeski_data_2015
39,Data association mining for identifying lighting energy waste patterns in educational institutes,Energy and Buildings,,"Cabrera, David F Motta; Zareipour, Hamidreza",journalArticle,2013,Building Energy Analysis,PortfolioAnalysis,Rule Extraction,Data Assocation Rules (DAR),Targeting,Data association mining for identifying lighting energy waste patterns in educational institutes,cabrera_data_2013
40,Data mining applications in power systems—Case-studies and future trends,"IEEE Transmission & Distribution Conference & Exposition: Asia and Pacific, 2009",IEEE Transmission & Distribution Conference & Exposition,"Vale, Zita A; Ramos, Carlos; Ramos, Sérgio; Pinto, Tiago",conferencePaper,2009,Electrical Engineering,SmartMeter,Clustering,Multiple Techniques,Classification,,
41,Data mining applications in power systems—Case-studies and future trends,"IEEE Transmission & Distribution Conference & Exposition: Asia and Pacific, 2009",IEEE Transmission & Distribution Conference & Exposition,"Vale, Zita A; Ramos, Carlos; Ramos, Sérgio; Pinto, Tiago",conferencePaper,2009,Electrical Engineering,SmartMeter,Clustering,Multiple Techniques,Customer Class.,,
42,Data mining in building automation system for improving building operational performance,Energy and Buildings,,"Xiao, Fu; Fan, Cheng",journalArticle,2014,Building Energy Analysis,Operations,Rule Extraction,Data Assocation Rules (DAR),Energy Management,Data mining in building automation system for improving building operational performance,xiao_data_2014
43,Discovering unexpected information using a building energy visualization tool,Proceedings of the IS&T/SPIE 2013 Conference on Electronic Imaging,IS&T/SPIE Conference on Electronic Imaging,"Lange, B; Rodriguez, N; Puech, W; Vasques, X",conferencePaper,2013,Electrical Engineering,Operations,Visual Analytics,Pattern Analysis,Energy Management,Discovering unexpected information using a building energy visualization tool,lange_discovering_2013
44,Divide and Conquer K-Means Clustering of Demand Data Allows Rapid and Accurate Simulations of the British Electricity System,IEEE Transactions on Engineering Management,,"Green, R.; Staffell, I.; Vasilakos, N.",journalArticle,2014,Electrical Engineering,SmartMeter,Clustering,K-Means,Load Profiling,Divide and Conquer K-Means Clustering of Demand Data Allows Rapid and Accurate Simulations of the British Electricity System,green_divide_2014
45,Efficient Rule Engine for Smart Building Systems,IEEE Transactions on Computers,,"Sun, Yan; Wu, Tin-Yu; Zhao, Guotao; Guizani, M.",journalArticle,2015,Electrical Engineering,AnomalyDetection,Novelty Detection,Data Assocation Rules (DAR),Subsystem,Efficient Rule Engine for Smart Building Systems,sun_efficient_2015
46,Electrical Load Pattern Grouping Based on Centroid Model With Ant Colony Clustering,IEEE Transactions on Power Systems,,"Chicco, Gianfranco; Ionel, O-M; Porumb, Radu",journalArticle,2013,Electrical Engineering,SmartMeter,Clustering,Ant Colony,Load Profiling,Electrical Load Pattern Grouping Based on Centroid Model With Ant Colony Clustering,chicco_electrical_2013
47,Energy Consumption Improvement Through a Visualization Software,Energy Efficiency - A Bridge to Low Carbon Economy,,"Lange, Benoit; Rodriguez, Nancy; Puech, William",bookSection,2012,Electrical Engineering,Operations,Visual Analytics,Pattern Analysis,Energy Management,Energy Consumption Improvement Through a Visualization Software,lange_energy_2012
48,Establishing the foundation for energy management on university campuses via data analytics,Proceedings of the IEEE SoutheastCon 2015,IEEE SoutheastCon,"Diong, B.; Zheng, G.; Ginn, M.",conferencePaper,2015,Electrical Engineering,PortfolioAnalysis,Visual Analytics,Energy Information Systems (EIS),Characterization,Establishing the foundation for energy management on university campuses via data analytics,diong_establishing_2015
49,Estimation of Thermal Parameters of Buildings Through Inverse Modeling and Clustering for a Portfolio of Buildings,Proceedings of the Fifth National Conference of IBPSA-USA (SimBuild 2012),National Conference of IBPSA-USA (SimBuild),"An, Lianjun; Horesh, Raya; Chae, Young Tae; Lee, Young M",conferencePaper,2012,Building Simulation,PortfolioAnalysis,Clustering,K-Means,Characterization,Estimation of Thermal Parameters of Buildings Through Inverse Modeling and Clustering for a Portfolio of Buildings,an_estimation_2012
50,Evaluating a data clustering approach for life-cycle facility control,Journal of Information Technology in Construction,,"Bogen, A C; Rashid, M; East, E W; Ross, J",journalArticle,2013,Building Energy Analysis,Operations,Clustering,Multiple Techniques,Controls,Evaluating a data clustering approach for life-cycle facility control,bogen_evaluating_2013
51,Evaluating different clustering techniques for electricity customer classification,"Transmission and Distribution Conference and Exposition, 2010 IEEE PES",Transmission and Distribution Conference and Exposition,"Bidoki, S M; Mahmoudi-Kohan, N; Sadreddini, M H; Zolghadri Jahromi, M; Moghaddam, M P",conferencePaper,2010,Electrical Engineering,SmartMeter,Clustering,Multiple Techniques,Customer Class.,Evaluating different clustering techniques for electricity customer classification,bidoki_evaluating_2010
52,Evaluating different clustering techniques for electricity customer classification,"Transmission and Distribution Conference and Exposition, 2010 IEEE PES",Transmission and Distribution Conference and Exposition,"Bidoki, S M; Mahmoudi-Kohan, N; Sadreddini, M H; Zolghadri Jahromi, M; Moghaddam, M P",conferencePaper,2010,Electrical Engineering,SmartMeter,Clustering,Multiple Techniques,Classification,Evaluating different clustering techniques for electricity customer classification,bidoki_evaluating_2010
53,Evaluation of the performance of clustering algorithms for a high voltage industrial consumer,Engineering Applications of Artificial Intelligence,,"Panapakidis, Ioannis; Alexiadis, Minas; Papagiannis, Grigoris",journalArticle,2015,Electrical Engineering,SmartMeter,Clustering,Multiple Techniques,Load Profiling,Evaluation of the performance of clustering algorithms for a high voltage industrial consumer,panapakidis_evaluation_2015
54,Exploiting Generalized Additive Models for Diagnosing Abnormal Energy Use in Buildings,Proceedings of the 5th ACM Workshop On Embedded Systems For Energy-Efficient Buildings (Buildsys '13),ACM Workshop on Embedded Sensing Systems for Energy-Efficiency in Buildings (BuildSys),"Ploennigs, Joern; Chen, Bei; Schumann, Anika; Brady, Niall",conferencePaper,2013,Electrical Engineering,AnomalyDetection,Novelty Detection,Generalized Additive Models (GAM),Whole Building,Exploiting Generalized Additive Models for Diagnosing Abnormal Energy Use in Buildings,ploennigs_exploiting_2013
55,Extracting knowledge from building-related data — A data mining framework,Building Simulation,,"Yu, Zhun Jerry; Fung, Benjamin C M; Haghighat, Fariborz",journalArticle,2013,Building Simulation,Operations,Rule Extraction,Data Assocation Rules (DAR),Energy Management,,
56,Extraction of supervisory building control rules from model predictive control of windows in a mixed mode building,Journal of Building Performance Simulation,,"May-Ostendorp, Peter T; Henze, Gregor P; Rajagopalan, Balaji; Corbin, Charles D",journalArticle,2013,Building Simulation,Operations,Rule Extraction,Data Assocation Rules (DAR),Controls,Extraction of supervisory building control rules from model predictive control of windows in a mixed mode building,may-ostendorp_extraction_2013
57,Fault detection analysis using data mining techniques for a cluster of smart office buildings,Expert Systems with Applications,,"Capozzoli, Alfonso; Lauro, Fiorella; Khan, Imran",journalArticle,2015,Building Energy Analysis,AnomalyDetection,Novelty Detection,Multiple Techniques,Whole Building,Fault detection analysis using data mining techniques for a cluster of smart office buildings,capozzoli_fault_2015
58,Fault diagnosis for sensors in air handling unit based on neural network pre-processed by wavelet and fractal,Energy and Buildings,,"Zhu, Yonghua; Jin, Xinqiao; Du, Zhimin",journalArticle,2012,Building Energy Analysis,AnomalyDetection,Novelty Detection,Wavelets,Component,Fault diagnosis for sensors in air handling unit based on neural network pre-processed by wavelet and fractal,zhu_fault_2012
59,Feature-based clustering for electricity use time series data,"Adaptive and Natural Computing Algorithms: 9th International Conference, ICANNGA 2009",International Conference on Adaptive and Natural Computing Algorithms (ICANNGA),"Räsänen, Teemu; Kolehmainen, Mikko",conferencePaper,2009,Electrical Engineering,SmartMeter,Clustering,Multiple Techniques,Load Profiling,Feature-based clustering for electricity use time series data,rasanen_feature-based_2009
60,Finding the Different Patterns in Buildings Data Using Bag of Words Representation with Clustering,2015 13th International Conference on Frontiers of Information Technology (FIT),2015 13th International Conference on Frontiers of Information Technology (FIT),"Habib, U.; Zucker, G.",conferencePaper,2015,Electrical Engineering,Operations,Motif Detection,Symbolic Aggregate Approximation (SAX),Controls,Finding the Different Patterns in Buildings Data Using Bag of Words Representation with Clustering,habib_finding_2015
61,Forensically discovering simulation feedback knowledge from a campus energy information system,Proceedings of the 2015 Symposium on Simulation for Architecture and Urban Design (SimAUD 2015),Symposium on Simulation for Architecture and Urban Design (SimAUD),"Miller, Clayton; Schlueter, Arno",conferencePaper,2015,Building Simulation,PortfolioAnalysis,Clustering,Multiple Techniques,Characterization,Forensically discovering simulation feedback knowledge from a campus energy information system,miller_forensically_2015
62,Identification of Causal Variables for Building Energy Fault Detection by Semi-supervised LDA and Decision Boundary Analysis,"Data Mining Workshops, 2008. ICDMW '08. IEEE International Conference on",IEEE International Conference on Data Mining Workshop (ICDMW),"Yoshida, Keigo; Inui, Minoru; Yairi, Takehisa; Machida, Kazuo; Shioya, Masaki; Masukawa, Yoshio",conferencePaper,2008,Electrical Engineering,AnomalyDetection,Novelty Detection,Linear Descriminant Analysis (LDA),Subsystem,Identification of Causal Variables for Building Energy Fault Detection by Semi-supervised LDA and Decision Boundary Analysis,yoshida_identification_2008
63,Identifying energy consumption patterns in the Attica hotel sector using cluster analysis techniques with the aim of reducing hotels’ CO2 footprint,Energy and Buildings,,"Pieri, Stella Panayiota; IoannisTzouvadakis; Santamouris, Mat",journalArticle,2015,Building Energy Analysis,PortfolioAnalysis,Clustering,Multiple Techniques,,,
64,Improving energy efficiency in buildings using machine intelligence,Intelligent Data Engineering and Automated Learning-IDEAL 2009,,"Sedano, Javier; Villar, José Ramón; Curiel, Leticia; De La Cal, Enrique; Corchado, Emilio",bookSection,2009,Computer Science,PortfolioAnalysis,Clustering,Maximum Likelihood (ML),Targeting,Improving energy efficiency in buildings using machine intelligence,sedano_improving_2009
65,Improving load forecast accuracy by clustering consumers using smart meter data,Proceedings of the 2015 International Joint Conference on Neural Networks (IJCNN),International Joint Conference on Neural Networks (IJCNN),"Shahzadeh, Abbas; Khosravi, Abbas; Nahavandi, Saeid",conferencePaper,2015,Computer Science,SmartMeter,Clustering,K-Means,Load Profiling,Improving load forecast accuracy by clustering consumers using smart meter data,shahzadeh_improving_2015
66,Kernel-based non-parametric clustering for load profiling of big smart meter data,Proceedings of the 2015 IEEE Wireless Communications and Networking Conference (WCNC),IEEE Wireless Communications and Networking Conference (WCNC),"Pan, Erte; Li, Husheng; Song, Lingyang; Han, Zhu",conferencePaper,2015,Electrical Engineering,SmartMeter,Clustering,Principal Component Analysis (PCA),Load Profiling,Kernel-based non-parametric clustering for load profiling of big smart meter data,pan_kernel-based_2015
67,Learning decision rules for energy efficient building control,Journal of Process Control,,"Domahidi, Alexander; Ullmann, Fabian; Morari, Manfred; Jones, Colin N.",journalArticle,2014,Electrical Engineering,Operations,Rule Extraction,Support Vector Machines (SVM),Controls,Learning decision rules for energy efficient building control,domahidi_learning_2014
68,Low-voltage electricity customer profiling based on load data clustering,Proceedings of the 2009 International Database Engineering & Applications Symposium (IDEAS 2009),International Database Engineering & Applications Symposium (IDEAS),"Gullo, Francesco; Ponti, Giovanni; Tagarelli, Andrea; Ruffolo, Massimiliano; Labate, Diego",conferencePaper,2009,Computer Science,SmartMeter,Clustering,Multiple Techniques,Load Profiling,Low-voltage electricity customer profiling based on load data clustering,gullo_low-voltage_2009
69,Mining Anomalous Electricity Consumption Using Ensemble Empirical Mode Decomposition,"Acoustics, Speech and Signal Processing (ICASSP), 2013 IEEE International Conference on","IEEE Int. Conference on Acoustics, Speech and Signal Processing (ICASSP)","Fontugne, Romain; Tremblay, Nicolas; Borgnat, Pierre; Flandrin, Patrick; Esaki, Hiroshi",conferencePaper,2013,Computer Science,AnomalyDetection,Novelty Detection,Empirical Mode Decomposition (EMC),Component,Mining Anomalous Electricity Consumption Using Ensemble Empirical Mode Decomposition,fontugne_mining_2013
70,Mining Building Energy Management System Data Using Fuzzy Anomaly Detection and Linguistic Descriptions,IEEE Transactions on Industrial Informatics,,"Wijayasekara, D.; Linda, O.; Manic, M.; Rieger, C.",journalArticle,2014,Computer Science,AnomalyDetection,Novelty Detection,Multiple Techniques,Subsystem,Mining Building Energy Management System Data Using Fuzzy Anomaly Detection and Linguistic Descriptions,wijayasekara_mining_2014
71,Model-predictive control of mixed-mode buildings with rule extraction,Building and Environment,,"May-Ostendorp, Peter; Henze, Gregor P; Corbin, Charles D; Rajagopalan, Balaji; Felsmann, Clemens",journalArticle,2011,Building Energy Analysis,Operations,Rule Extraction,Data Assocation Rules (DAR),Controls,Model-predictive control of mixed-mode buildings with rule extraction,may-ostendorp_model-predictive_2011
72,Occupancy schedules learning process through a data mining framework,Energy and Buildings,,"D’Oca, Simona; Hong, Tianzhen",journalArticle,2015,Building Energy Analysis,Operations,Rule Extraction,Multiple Techniques,Occupancy Detection,Occupancy schedules learning process through a data mining framework,doca_occupancy_2015
73,On the Application of Clustering Techniques for Office Buildings' Energy and Thermal Comfort Classification,IEEE Transactions on Smart Grid,,"Nikolaou, Triantafyllia G; Kolokotsa, Dionysia S; Stavrakakis, George S; Skias, Ioannis D",journalArticle,2012,Electrical Engineering,PortfolioAnalysis,Clustering,Multiple Techniques,,On the Application of Clustering Techniques for Office Buildings' Energy and Thermal Comfort Classification,nikolaou_application_2012
74,On the need for time series data mining benchmarks: A survey and empirical demonstration,Data Mining and Knowledge Discovery,,"Keogh, E; Kasetty, S",journalArticle,2003,,,,,,On the need for time series data mining benchmarks: A survey and empirical demonstration,keogh_need_2003
75,Pattern recognition algorithm for determining days of the week with similar energy consumption profiles,Energy and Buildings,,"Seem, John E",journalArticle,2005,Building Energy Analysis,PortfolioAnalysis,Clustering,Hierarchical Clustering,Characterization,Pattern recognition algorithm for determining days of the week with similar energy consumption profiles,seem_pattern_2005
76,PowerSAX: Fast motif matching in distributed power meter data using symbolic representations,Proceedings of 9th IEEE International Workshop on Practical Issues in Building Sensor Network Applications (SenseApp 2014),IEEE Workshop on Practical Issues in Building Sensor Network Applications (SensApp),"Reinhardt, Andreas; Koessler, Sebastian",conferencePaper,2014,Electrical Engineering,SmartMeter,Motif Detection,Symbolic Aggregate Approximation (SAX),Disaggregation,PowerSAX: Fast motif matching in distributed power meter data using symbolic representations,reinhardt_powersax:_2014
77,Prediction of Chiller Power Consumption Using Time Series Analysis and Artificial Neural Networks,"Proceedings of the 8th International Conference on Indoor Air Quality, Ventilation and Energy Conservation in Buildings (CLIMA 2013)","International Conference on Indoor Air Quality, Ventilation and Energy Conservation in Buildings (CLIMA)","Fan, Cheng; Xiao, Fu; Shengwei, Wang",conferencePaper,2013,Building Energy Analysis,Operations,Clustering,K-Means,Controls,Prediction of Chiller Power Consumption Using Time Series Analysis and Artificial Neural Networks,fan_prediction_2013
78,Principal component analysis of electricity use in office buildings,Energy and Buildings,,"Lam, Joseph C; Wan, Kevin K W; Cheung, K L; Yang, Liu",journalArticle,2008,Building Energy Analysis,PortfolioAnalysis,Novelty Detection,Principal Component Analysis (PCA),Characterization,Principal component analysis of electricity use in office buildings,lam_principal_2008
79,Prioritizing and Visualizing Energy Management and Control System Data to Provide Actionable Information For Building Operators,Proceedings from 2011 Western Energy Policy Research Conference,Western Energy Policy Research Conference,"Duarte, Carlos; Acker, Brad; Grosshans, Ray; Manic, Milos; Van Den Wymelenberg, Kevin; Rieger, Craig",conferencePaper,2011,Building Energy Analysis,Operations,Visual Analytics,Energy Information Systems (EIS),Energy Management,Prioritizing and Visualizing Energy Management and Control System Data to Provide Actionable Information For Building Operators,duarte_prioritizing_2011
80,Real-time detection of anomalous power consumption,Renewable and Sustainable Energy Reviews,,"Chou, Jui-Sheng; Telaga, Abdi Suryadinata",journalArticle,2014,Building Energy Analysis,AnomalyDetection,Clustering,K-Means,Whole Building,Real-time detection of anomalous power consumption,chou_real-time_2014
81,Reducing energy consumption by using self-organizing maps to create more personalized electricity use information,Applied Energy,,"Räsänen, Teemu; Ruuskanen, Juhani; Kolehmainen, Mikko",journalArticle,2008,Computer Science,SmartMeter,Clustering,Self-Organizing Maps (SOM),Customer Class.,Reducing energy consumption by using self-organizing maps to create more personalized electricity use information,rasanen_reducing_2008
82,Reducing energy consumption by using self-organizing maps to create more personalized electricity use information,Applied Energy,,"Räsänen, Teemu; Ruuskanen, Juhani; Kolehmainen, Mikko",journalArticle,2008,Computer Science,SmartMeter,Clustering,Self-Organizing Maps (SOM),Classification,Reducing energy consumption by using self-organizing maps to create more personalized electricity use information,rasanen_reducing_2008
83,Research Scoping Report: Visualizing Information in Commercial Buildings,,,"Lehrer, David",report,2009,Building Energy Analysis,PortfolioAnalysis,Visual Analytics,Energy Information Systems (EIS),Characterization,Research Scoping Report: Visualizing Information in Commercial Buildings,lehrer_research_2009
84,SMAS: A smart meter data analytics system,Proceedings of the 2015 IEEE 31st International Conference on Data Engineering (ICDE),IEEE International Conference on Data Engineering (ICDE),"Liu, Xiufeng; Golab, L.; Ilyas, I.F.",conferencePaper,2015,Computer Science,SmartMeter,Visual Analytics,Pattern Analysis,Customer Class.,SMAS: A smart meter data analytics system,liu_smas:_2015
85,SMAS: A smart meter data analytics system,Proceedings of the 2015 IEEE 31st International Conference on Data Engineering (ICDE),IEEE International Conference on Data Engineering (ICDE),"Liu, Xiufeng; Golab, L.; Ilyas, I.F.",conferencePaper,2015,Computer Science,SmartMeter,Visual Analytics,Pattern Analysis,Classification,SMAS: A smart meter data analytics system,liu_smas:_2015
86,Sensor mining for user behavior profiling in intelligent environments,Advances in Distributed Agent-Based Retrieval Tools,,"Augello, Agnese; Ortolani, Marco; Re, G Lo; Gaglio, Salvatore",journalArticle,2011,Computer Science,Operations,Clustering,Multiple Techniques,Occupancy Detection,Sensor mining for user behavior profiling in intelligent environments,augello_sensor_2011
87,"Sensor-fault detection, diagnosis and estimation for centrifugal chiller systems using principal-component analysis method",Applied Energy,,"Wang, Shengwei; Cui, J",journalArticle,2005,Building Energy Analysis,AnomalyDetection,Novelty Detection,Principal Component Analysis (PCA),Component,"Sensor-fault detection, diagnosis and estimation for centrifugal chiller systems using principal-component analysis method",wang_sensor-fault_2005
88,Site-Level Energy Monitoring and Analysis using Koopman Operator Methods,Proceedings of the 2014 ASHRAE/IBPSA-USA Building Simulation Conference (SimBuild 2014),IBPSA-USA Building Simulation Conference (SimBuild),"Georgescu, M; Mezic, I",conferencePaper,2014,Building Simulation,PortfolioAnalysis,Visual Analytics,Pattern Analysis,Characterization,Site-Level Energy Monitoring and Analysis using Koopman Operator Methods,georgescu_site-level_2014
89,SmartD: Smart Meter Data Analytics Dashboard,Proceedings of the 5th International Conference on Future Energy Systems (e-Energy '14),ACM International Conference on Future Energy Systems (e-Energy),"Jarrah Nezhad, Aylin; Wijaya, Tri Kurniawan; Vasirani, Matteo; Aberer, Karl",conferencePaper,2014,Computer Science,SmartMeter,Visual Analytics,Pattern Analysis,Load Profiling,SmartD: Smart Meter Data Analytics Dashboard,jarrah_nezhad_smartd:_2014
90,Softgreen: Towards energy management of green office buildings with soft sensors,Proceedings of the Fourth International Conference on Communication Systems and Networks (COMSNETS 2012),International Conference on Communication Systems and Networks (COMSNETS),"Thanayankizil, L V; Ghai, S K; Chakraborty, D; Seetharam, D P",conferencePaper,2012,Electrical Engineering,Operations,Motif Detection,Maximum Likelihood (ML),Occupancy Detection,Softgreen: Towards energy management of green office buildings with soft sensors,thanayankizil_softgreen:_2012
91,Statistical Anomaly Detection in Mean and Variation of Energy Consumption,Proceedings of the 22nd International Conference on Pattern Recognition (ICPR),International Conference on Pattern Recognition (ICPR),"Chen, Bei; Sinn, Mathieu; Ploennigs, Joern; Schumann, Anika",conferencePaper,2014,Electrical Engineering,AnomalyDetection,Novelty Detection,Generalized Additive Models (GAM),Whole Building,Statistical Anomaly Detection in Mean and Variation of Energy Consumption,chen_statistical_2014
92,"Strip, bind, and search: a method for identifying abnormal energy consumption in buildings",Proceedings of the 12th ACM/IEEE Int Conference on Information Processing in Sensor Network (ISPN 2013),ACM/IEEE Int Conference on Information Processing in Sensor Network (ISPN),"Fontugne, Romain; Ortiz, Jorge; Tremblay, Nicolas; Borgnat, Pierre; Flandrin, Patrick; Fukuda, Kensuke; Culler, David; Esaki, Hiroshi",conferencePaper,2013,Computer Science,AnomalyDetection,Novelty Detection,Multiple Techniques,Whole Building,"Strip, bind, and search: a method for identifying abnormal energy consumption in buildings",fontugne_strip_2013
93,Support vector clustering of electrical load pattern data,IEEE Transactions on Power Systems,,"Chicco, Gianfranco; Ilie, I S",journalArticle,2009,Electrical Engineering,SmartMeter,Clustering,Support Vector Machines (SVM),Load Profiling,Support vector clustering of electrical load pattern data,chicco_support_2009
94,Sustainable Operation and Management of Data Center Chillers Using Temporal Data Mining,Proceedings of the 15th ACM SIGKDD International Conference on Knowledge Discovery and Data Mining (KDD 2009),ACM SIGKDD International Conference on Knowledge Discovery and Data Mining (KDD),"Patnaik, Debprakash; Marwah, Manish; Sharma, Ratnesh; Ramakrishnan, Naren",conferencePaper,2009,Computer Science,Operations,Motif Detection,Symbolic Aggregate Approximation (SAX),Controls,Sustainable Operation and Management of Data Center Chillers Using Temporal Data Mining,patnaik_sustainable_2009
95,Targeted Efficiency: Using Customer Meter Data to Improve Efficiency Program Outcomes,,,"Borgeson, Sam",thesis,2013,Building Energy Analysis,SmartMeter,Clustering,Multiple Techniques,Customer Class.,Targeted Efficiency: Using Customer Meter Data to Improve Efficiency Program Outcomes,borgeson_targeted_2013
96,Targeted Efficiency: Using Customer Meter Data to Improve Efficiency Program Outcomes,,,"Borgeson, Sam",thesis,2013,Building Energy Analysis,SmartMeter,Clustering,Multiple Techniques,Classification,Targeted Efficiency: Using Customer Meter Data to Improve Efficiency Program Outcomes,borgeson_targeted_2013
97,Temporal Knowledge Discovery in Big BAS Data for Building Energy Management,Energy and Buildings,,"Fan, Cheng; Xiao, Fu; Madsen, Henrik; Wang, Dan",journalArticle,2015,Building Energy Analysis,Operations,Rule Extraction,Data Assocation Rules (DAR),Energy Management,Temporal Knowledge Discovery in Big BAS Data for Building Energy Management,fan_temporal_2015
98,The energy dashboard: improving the visibility of energy consumption at a campus-wide scale,Proceedings of the First ACM Workshop on Embedded Sensing Systems for Energy-Efficiency in Buildings (BuildSys 2009),ACM Workshop on Embedded Sensing Systems for Energy-Efficiency in Buildings (BuildSys),"Agarwal, Yuvraj; Weng, Thomas; Gupta, Rajesh K.",conferencePaper,2009,Computer Science,PortfolioAnalysis,Visual Analytics,Energy Information Systems (EIS),Characterization,The energy dashboard: improving the visibility of energy consumption at a campus-wide scale,agarwal_energy_2009
99,Towards Automatic Spatial Verification of Sensor Placement in Buildings,Proceedings of the 5th ACM Workshop on Embedded Systems For Energy-Efficient Buildings (BuildSys 2013),ACM Workshop on Embedded Sensing Systems for Energy-Efficiency in Buildings (BuildSys),"Hong, Dezhi; Ortiz, Jorge; Whitehouse, Kamin; Culler, David",conferencePaper,2013,Computer Science,Operations,Clustering,Empirical Mode Decomposition (EMC),Controls,Towards Automatic Spatial Verification of Sensor Placement in Buildings,hong_towards_2013
100,Towards an understanding of campus-scale power consumption,Proceedings of the Third ACM Workshop on Embedded Sensing Systems for Energy-Efficiency in Buildings (BuildSys 2011),ACM Workshop on Embedded Sensing Systems for Energy-Efficiency in Buildings (BuildSys),"Bellala, Gowtham; Marwah, Manish; Arlitt, Martin; Lyon, Geoff; Bash, Cullen E",conferencePaper,2011,Computer Science,PortfolioAnalysis,Novelty Detection,Markov Models,Targeting,Towards an understanding of campus-scale power consumption,bellala_towards_2011
101,Typical load profiles in the smart grid context—A clustering methods comparison,"Proceedings of the Power and Energy Society General Meeting, 2012 IEEE",IEEE Power and Energy Society General Meeting,"Ramos, Sérgio; Duarte, JMM; Soares, João; Vale, Zita; Duarte, Fernando J",conferencePaper,2012,Electrical Engineering,SmartMeter,Clustering,Multiple Techniques,Load Profiling,,
102,Using intelligent clustering techniques to classify the energy performance of school buildings,Energy and Buildings,,"Santamouris, M; Mihalakakou, G; Patargias, P; Gaitani, N; Sfakianaki, K; Papaglastra, M; Pavlou, C; Doukas, P; Primikiri, E; Geros, V; Assimakopoulos, M N; Mitoula, R; Zerefos, S",journalArticle,2007,Building Energy Analysis,PortfolioAnalysis,Clustering,Fuzzy Clustering,,Using intelligent clustering techniques to classify the energy performance of school buildings,santamouris_using_2007
103,Using intelligent data analysis to detect abnormal energy consumption in buildings,Energy and Buildings,,"Seem, John E",journalArticle,2006,Building Energy Analysis,AnomalyDetection,Novelty Detection,Generalized Extreme Studentized Deviate (GESD),Whole Building,Using intelligent data analysis to detect abnormal energy consumption in buildings,seem_using_2006
104,Using principal component and cluster analysis in the heating evaluation of the school building sector,Applied Energy,,"Gaitani, N; Lehmann, C; Santamouris, M; Mihalakakou, G; Patargias, P",journalArticle,2010,Building Energy Analysis,PortfolioAnalysis,Clustering,Multiple Techniques,Targeting,Using principal component and cluster analysis in the heating evaluation of the school building sector,gaitani_using_2010
105,Variability of electricity load patterns and its effect on demand response: A critical peak pricing experiment on Korean commercial and industrial customers,Energy Policy,,"Jang, Dongsik; Eom, Jiyong; Jae Park, Min; Jeung Rho, Jae",journalArticle,2016,Building Energy Analysis,SmartMeter,Clustering,K-Means,Classification,Variability of electricity load patterns and its effect on demand response: A critical peak pricing experiment on Korean commercial and industrial customers,jang_variability_2016
106,Variability of electricity load patterns and its effect on demand response: A critical peak pricing experiment on Korean commercial and industrial customers,Energy Policy,,"Jang, Dongsik; Eom, Jiyong; Jae Park, Min; Jeung Rho, Jae",journalArticle,2016,Building Energy Analysis,SmartMeter,Clustering,K-Means,Customer Class.,Variability of electricity load patterns and its effect on demand response: A critical peak pricing experiment on Korean commercial and industrial customers,jang_variability_2016
107,"Visualizing Energy Information in Commercial Buildings: A Study of Tools, Expert Users, and Building Occupants",,,"Lehrer, David; Vasudev, Janani",report,2011,Building Energy Analysis,PortfolioAnalysis,Visual Analytics,Energy Information Systems (EIS),Characterization,"Visualizing Energy Information in Commercial Buildings: A Study of Tools, Expert Users, and Building Occupants",lehrer_visualizing_2011
108,Visualizing building energy demand for building peak energy analysis,Energy and Buildings,,"Yarbrough, I.; Sun, Q.; Reeves, D. C.; Hackman, K.; Bennett, R.; Henshel, D. S.",journalArticle,2015,Building Energy Analysis,PortfolioAnalysis,Visual Analytics,Energy Information Systems (EIS),Characterization,Visualizing building energy demand for building peak energy analysis,yarbrough_visualizing_2015
109,Visualizing frequent patterns in large multivariate time series,Proceedings of SPIE Conference on Visualization and Data Analysis 2011,SPIE Conference on Visualization and Data Analysis,"Hao, M.; Marwah, M.; Janetzko, H.; Sharma, R.; Keim, D. A.; Dayal, U.; Patnaik, D.; Ramakrishnan, N.",conferencePaper,2011,Computer Science,Operations,Visual Analytics,Pattern Analysis,Controls,Visualizing frequent patterns in large multivariate time series,hao_visualizing_2011
110,Wakame: Sense Making of Multi-dimensional Spatial-temporal Data,Proceedings of the International Conference on Advanced Visual Interfaces (AVI 2010),International Conference on Advanced Visual Interfaces (AVI),"Forlines, Clifton; Wittenburg, Kent",conferencePaper,2010,Computer Science,AnomalyDetection,Visual Analytics,Pattern Analysis,Subsystem,Wakame: Sense Making of Multi-dimensional Spatial-temporal Data,forlines_wakame:_2010
111,"e2-Diagnoser: A System for Monitoring, Forecasting and Diagnosing Energy Usage","Data Mining Workshop (ICDMW), 2014 IEEE International Conference on",IEEE International Conference on Data Mining Workshop (ICDMW),"Ploennigs, Joern; Chen, Bei; Palmes, Paulito; Lloyd, Raymond",conferencePaper,2014,Electrical Engineering,PortfolioAnalysis,Novelty Detection,Generalized Additive Models (GAM),,"e2-Diagnoser: A System for Monitoring, Forecasting and Diagnosing Energy Usage",ploennigs_e2-diagnoser:_2014
